spotify:track:4jKeYH0Gwq2PE3YYSClzM9,1
spotify:track:0L7loeTIg6akW84aEQZpCT,1
spotify:track:1rhXXcrYp9RRObN5gsmqCU,1
spotify:track:22mek4IiqubGD9ctzxc69s,1
spotify:track:6eIacmhkE82vZlMDnGS7aP,1
spotify:track:6PUIzlqotEmPuBfjbwYWOB,1
spotify:track:2YWjW3wwQIBLNhxWKBQd16,1
spotify:track:60wwxj6Dd9NJlirf84wr2c,1
spotify:track:0nypsuS2jtogLaJDcRQ4Ya,2
spotify:track:1qZMPmpD1jDcOA7gZ6TCde,1
spotify:track:1nO67wic65N413c11zKxM7,1
spotify:track:4kLLWz7srcuLKA7Et40PQR,1
spotify:track:127uq83uGFapbddqiMUKky,2
spotify:track:0CAfXk7DXMnon4gLudAp7J,3
spotify:track:3E7dfMvvCLUddWissuqMwr,2
spotify:track:2igwFfvr1OAGX9SKDCPBwO,3
spotify:track:3jlbL2OTD5YmIunYzgQTAN,1
spotify:track:4rino0wsmUcK36Ro4CCrke,1
spotify:track:4EWCNWgDS8707fNSZ1oaA5,1
spotify:track:7rQEsMAmRB4KaXhx3xJM13,1
spotify:track:4gCxbENXySW17fSJm43zF0,1
spotify:track:1hRFVIy9As8OVRk8B7CrD5,1
spotify:track:40bm28QcJT5My540ymSQ2y,1
spotify:track:3uRIGDDdT4tztwsOSLmjZg,1
spotify:track:7Kpqjspw4Y7HrvItIRcBiW,1
spotify:track:144adL7pGHEWRwute2wxzZ,1
spotify:track:5AyL2kgLtTWEu3qO3B9SqK,1
spotify:track:1NpW5kyvO4XrNJ3rnfcNy3,1
spotify:track:6ebkx7Q5tTxrCxKq4GYj0Y,1
spotify:track:2iJuuzV8P9Yz0VSurttIV5,2
spotify:track:1xNcBAoUw8Hz6LqK2jt4Ff,1
spotify:track:6qUSs4FDzZUdAhY6JDIJfa,2
spotify:track:4QNpBfC0zvjKqPJcyqBy9W,4
spotify:track:0VffaI2jwQknRrxpECYHsF,1
spotify:track:3wLPRjw2XQpmowqXUXb3UF,1
spotify:track:5pmL3RzOy3IvGFaSDi4hZL,2
spotify:track:0MOiv7WTXCqvm89lVCf9C8,1
spotify:track:2qugfmw9Hi27DyIo2gite4,1
spotify:track:3rfhI32Il2hVRKDkuGeeen,2
spotify:track:7tSO7DrrYpiMXX3zM4b3oM,1
spotify:track:0XvjOhwCnXXFOSlBbV9jPN,1
spotify:track:3nMb7ToWIxYvmaIG20z6ux,1
spotify:track:2EBCVPNAG46nbgs6jXPGvv,1
spotify:track:24LS4lQShWyixJ0ZrJXfJ5,1
spotify:track:1sh6lL6cmlcwhqZKGiKBua,1
spotify:track:6w2A10HCO5nhBCaNLk4aS2,1
spotify:track:06h3McKzmxS8Bx58USHiMq,1
spotify:track:3bXptsvAsA4gLaaRKMHsr0,1
spotify:track:2HC8tL0FGWm2A9WdivfZJy,1
spotify:track:0V7QchMrfTCk3gf0iAtl2R,1
spotify:track:3Yv9CEIOJjpw8tgKJhbOcc,2
spotify:track:4ga4WvRNhMsIL38pkBbnIN,4
spotify:track:5w7sO0tWXMmctwKnJZu24v,3
spotify:track:2OcbewDrWFNTYRqpSzJBCY,1
spotify:track:0utlOiJy2weVl9WTkcEWHy,1
spotify:track:43TmmbZsxrriGviIxeyPHo,1
spotify:track:0sMUJJhfaGNqpeQbghflTs,1
spotify:track:2WloLsoUqp1A0xxNAwoiwh,1
spotify:track:30KctD1WsHKTIYczXjip5a,1
spotify:track:62N2JSA0jHmSH7Va9t7hIf,1
spotify:track:0k7wmahjkn389wAZdz19Cv,2
spotify:track:5xvXeuxISyXJDRbZZf4uzd,1
spotify:track:6rTInqW3YECMkQsBEHw4sd,2
spotify:track:4F6yN5FsFW10Ucx7cLCzBh,1
spotify:track:64uoLBs93a7NV6K77tARRP,1
spotify:track:4tW0Ss5kz4ASvYtVz0a9Q0,1
spotify:track:65OVbaJR5O1RmwOQx0875b,3
spotify:track:2CxjDTsUBmVlcMjjy2UETJ,1
spotify:track:1wIQtB3UQ1TfjNMZZqO6eh,1
spotify:track:287Fa4maOumSHlDoPiGmv9,1
spotify:track:7tr2za8SQg2CI8EDgrdtNl,2
spotify:track:0Li1OuXXfi7950ilZUFGkF,2
spotify:track:0BiK5BbYNFLb88CCOxBFJe,1
spotify:track:0bkTdkWwGk3OGFX0afD3Wj,1
spotify:track:0LcsvJQSFIQo3RjNhPcYqT,1
spotify:track:3jaDE0rMO3VEW3NosATkip,1
spotify:track:3OJ4LEE50iFELaHiZ09zif,1
spotify:track:2HbKqm4o0w5wEeEFXm2sD4,1
spotify:track:7Fege3yv4dvehB3NdRBGwI,1
spotify:track:6PkzXU8dlwtfrwyTlUyVnv,1
spotify:track:5aqUqSq0SqGBAqEn27PEzc,1
spotify:track:1MJErNPIQUoEMu4YUUmecm,1
spotify:track:4PnNzWe1LJoAMD5j5RHpI0,1
spotify:track:51EC3I1nQXpec4gDk0mQyP,1
spotify:track:2ORvnjpTAXtyTKnaGAgFIv,1
spotify:track:6DG1vjbBFKJWVeihm4hK0X,1
spotify:track:4Pn6qNbQidF0mAe8xO0DBL,1
spotify:track:29TPjc8wxfz4XMn21O7VsZ,1
spotify:track:2lUDBd7JrgAMltcp6dcd7D,1
spotify:track:0RiRZpuVRbi7oqRdSMwhQY,1
spotify:track:2HSmyk2qMN8WQjuGhaQgCk,1
spotify:track:51ODNNDZm21HU7wI7cccRr,3
spotify:track:4o6n3ZznyCJGh0EPICvxBj,1
spotify:track:4nlvKIIetOWGIMyhjQXgOZ,1
spotify:track:519zAAsZrSxcdIiC2X0MHw,1
spotify:track:79esEXlqqmq0GPz0xQSZTV,1
spotify:track:6huNf4dutXRjJyGn7f5BPS,1
spotify:track:4jTiyLlOJVJj3mCr7yfPQD,1
spotify:track:3jHdKaLCkuNEkWcLVmQPCX,1
spotify:track:68Dni7IE4VyPkTOH9mRWHr,1
spotify:track:07BB802sO1hSy2bQh2oxBu,1
spotify:track:7FoUzKTSQp25oe32pY9z5p,1
spotify:track:2hPOOLM9Oefyy43eAXR4Hf,1
spotify:track:7CH99b2i1TXS5P8UUyWtnM,1
spotify:track:5hVghJ4KaYES3BFUATCYn0,1
spotify:track:0fv2KH6hac06J86hBUTcSf,1
spotify:track:1nXZnTALNXiPlvXotqHm66,1
spotify:track:5dXWFMwD7I7zXsInONVl0H,1
spotify:track:2Xb6wJYGi0QXwURw5WWvI5,1
spotify:track:0Z2J91b2iTGLVTZC4fKgxf,1
spotify:track:0eEXcw3JLVXcRxYrVYMy68,1
spotify:track:3Ti0GdlrotgwsAVBBugv0I,1
spotify:track:4tEaytMs86hIaOSsiGoLcP,1
spotify:track:2qOm7ukLyHUXWyR4ZWLwxA,1
spotify:track:00sVcA5dG61xeJPZjscYtc,1
spotify:track:6aqNCrRA7vs7v6QvRpI50t,1
spotify:track:15hut9fX33giUAMyycwvsV,1
spotify:track:5773KSWFzg9kCc8yazjbSt,1
spotify:track:0WSlOSMLJWoWUpWci9nnRb,1
spotify:track:3mkS1alZdcdBQuIMad8aee,1
spotify:track:5CeL9C3bsoe4yzYS1Qz8cw,1
spotify:track:6L4fEE9awoUnSEy1bmQebb,1
spotify:track:7qU7vhCPKhkDiJYGoboISc,1
spotify:track:6K4t31amVTZDgR3sKmwUJJ,1
spotify:track:2Y0iGXY6m6immVb2ktbseM,1
spotify:track:7kzKAuUzOITUauHAhoMoxA,1
spotify:track:0J2OnBNKwt0KICDyDFPUvl,1
spotify:track:38Ngied9rBORlAbLYNCl4k,1
spotify:track:2VNfJpwdEQBLyXajaa6LWT,1
spotify:track:7feSbMqJGg9yL0s6ypxy9S,1
spotify:track:5hmcw6bW5V24CvJqsz87We,1
spotify:track:3X0ScZffN8bYs9NE3SYHVy,1
spotify:track:1otG6j1WHNvl9WgXLWkHTo,1
spotify:track:1dxcQA922vdRVtSlGunpGX,1
spotify:track:0UtnpKaReKUg2GquaSxCyD,1
spotify:track:0zLClc0emc6qUeV1p5nc99,2
spotify:track:4lvNaO9CiRQN5AgGvBmuKx,1
spotify:track:6gnwVODGBzfk3ZDo5ldgWX,1
spotify:track:7EnhXXXA5OHOX5prvpGOB7,1
spotify:track:2Yxg7ajO1fYkp1cmlIQllx,1
spotify:track:5vaWN4MItifhq2rdItHgEj,1
spotify:track:2vjKei86vFPZBodhXEqEmX,1
spotify:track:4rHIGjDTXXL9Eudf3YF036,1
spotify:track:4FMNpPI7mkhdeFCCk6fZiE,1
spotify:track:3850dYVgOFIXJh5U4BFEWH,1
spotify:track:1DITraldNcapgv3DuOMdId,1
spotify:track:01XkCq442PrWogrv0ZYSPW,1
spotify:track:56ZChLuvQnZ1w76EP0fDot,1
spotify:track:5jtgmZRPmm6QnJxegPoour,1
spotify:track:2rPIpNxbOl102ffzJgispe,1
spotify:track:6wkG9devuAF08BdPUBjIFe,1
spotify:track:1YwPNemawMgGe6sF4U0FTE,1
spotify:track:3T7Dil6DmABypEgSrKrLnv,1
spotify:track:3u5N55tHf7hXATSQrjBh2q,1
spotify:track:3nOMGGeQppHhfrkQ65VLVQ,1
spotify:track:62tnsScYuep18LnQiQqHmX,1
spotify:track:4cwfpbraQNnmCb39aMyUbC,1
spotify:track:3GCdLUSnKSMJhs4Tj6CV3s,1
spotify:track:0N3W5peJUQtI4eyR6GJT5O,2
spotify:track:0q75NwOoFiARAVp4EXU4Bs,1
spotify:track:5qmq61DAAOUaW8AUo8xKhh,1
spotify:track:6nBQFAIVFmAx2oZ8p6lUg6,1
spotify:track:7sMBvZCSUl99bJLXZaLa0b,1
spotify:track:71l8BEtJPXXlWbV6hhTHWK,1
spotify:track:7HEWQj82REyDOKMAAlB9pc,1
spotify:track:6h5IlvRJ2ZNPloCOdzUmyW,1
spotify:track:0wXuerDYiBnERgIpbb3JBR,1
spotify:track:34sGnIHB3ZthMvHpNX1i7e,2
spotify:track:7KPr0YxECy4Q1k2F17Sa0Q,1
spotify:track:20CNpCKq1oTdvekXaboyeq,1
spotify:track:1QFh8OH1e78dGd3VyJZCAC,1
spotify:track:0LSQB8rrSc7Q06ky8H9eeO,1
spotify:track:6RDgNP5MAAkOYn0KqyKwev,1
spotify:track:5wojyanOP6dtCtOMjcxI1i,1
spotify:track:1MMveypssO7GA8gmsqFRM7,1
spotify:track:5ft1GmMZA4uNX7afvQfDLn,1
spotify:track:0rYRFaP5xPFefcSyu0u5xr,1
spotify:track:7u62Yx5j7OUTPKWIrllG58,1
spotify:track:3om5V1vAlyUJtfmXGIcTom,1
spotify:track:3hgmCuqoX52AyfQlHeQaVU,1
spotify:track:2iMBF1Wpy0sreHVLaTVPfQ,1
spotify:track:45sukQTo18lxozeRJuverF,1
spotify:track:7KA4W4McWYRpgf0fWsJZWB,1
spotify:track:4X3DTWKa5uAqcUPlVQBgcC,1
spotify:track:2WMRd3xAb9FwXopCRNWDq1,1
spotify:track:7wnwueAQ2Srl5rUaLUvG1L,1
spotify:track:1NcIDvtNGHBTMzMPEbJKCR,1
spotify:track:1M4OcYkxAtu3ErzSgDEfoi,1
spotify:track:2h9L3U6h3jnfOpIAj8E86H,1
spotify:track:5JCi3pyggvk4B0yd0BK3ow,2
spotify:track:6eNQBntWe7hh6N0h62tRcg,1
spotify:track:2tYisXNbodA5YVYGDGUF45,1
spotify:track:2YsiF7CiyZRTGK1ZZ2FTQP,1
spotify:track:3ZFTkvIE7kyPt6Nu3PEa7V,1
spotify:track:0weAUscowxeqDtpCgtbpgp,1
spotify:track:0ByMNEPAPpOR5H69DVrTNy,1
spotify:track:4TsmezEQVSZNNPv5RJ65Ov,1
spotify:track:6t90Z9XkdsHD8xMxro6KRP,1
spotify:track:6QV8q0qVAyHjlnqQ39YIe1,1
spotify:track:5iUQMwxUPdJBFeGkePtM66,1
spotify:track:5suntl7SJKOsVzwZt8ivL3,1
spotify:track:1VKTdQTrcP0cMdySaCEj7F,1
spotify:track:4HVGC52IogHANcKFA0QYiT,1
spotify:track:5x2TDyeeTpf0riUoQDrvsV,1
spotify:track:2Zb7wnGUnNPCas2E0wWSQ5,1
spotify:track:68vezH3cT6dVOABipmGZ9R,1
spotify:track:59ZSmCCe6Ao1qtptCqX9Tk,1
spotify:track:483XiZ5o13Cc1zoWV7jGml,3
spotify:track:1XCpTCBHoG6JFzQA1mm5EX,1
spotify:track:6zsk6uF3MxfIeHPlubKBvR,1
spotify:track:5ZKqR1beprJ3wa6wGUwTWH,1
spotify:track:0P6RjFd2HgG2AXJadQuGfE,1
spotify:track:4pmc2AxSEq6g7hPVlJCPyP,1
spotify:track:7723JnKU2R15Iv4T7OJrly,1
spotify:track:7BwwjDFcpn72BrxCCRqs7d,1
spotify:track:4sy45X8Jo15DxjDDpDkInF,1
spotify:track:2tFgv3sLFNc088KLtjxzVa,1
spotify:track:3ydfhgIZIc2j39NLIhpJpq,1
spotify:track:5st5644IlBmKiiRE73UsoZ,1
spotify:track:455AfCsOhhLPRc68sE01D8,1
spotify:track:4KuS9s0fuqLznp9AJTqTm7,1
spotify:track:2cMTIlktg3M9mXYqCPqw1J,1
spotify:track:5jtmSuK5MbqAR3HNtsyHgw,1
spotify:track:460IQXPBqCTiPRMzH4bgsy,1
spotify:track:1qbRBE3P3feRkXcWkO0u97,1
spotify:track:0MiBHZz103205hwgZCZU7W,1
spotify:track:41UdZo4E9IUgBai73dD8Cf,1
spotify:track:1D1nixOVWOxvNfWi0UD7VX,1
spotify:track:0d28khcov6AiegSCpG5TuT,1
spotify:track:3LI4MmibTkXH5cGpCGZgyw,1
spotify:track:7aQeWViSfRWSEwtJD86Eq0,1
spotify:track:4nfpbsiYbB0TVBOeJ7X7Z0,1
spotify:track:3L7RtEcu1Hw3OXrpnthngx,1
spotify:track:2Grgo6hzXoiiZKjv1eHz2b,1
spotify:track:5bs8OXiOt4BPF2FAnRFP1u,2
spotify:track:2grjqo0Frpf2okIBiifQKs,1
spotify:track:1KONmY3enP3r3nIPQidWAy,1
spotify:track:2IHaGyfxNoFPLJnaEg4GTs,1
spotify:track:5VrbuzqAjCAFSa7MpGRXWI,1
spotify:track:3fuyrhl4t559gmGfPBkEp9,1
spotify:track:3OyeOtOPCRsVQob10OqHK2,1
spotify:track:4Li2WHPkuyCdtmokzW2007,1
spotify:track:3fbNKNZLuH8ZStxcVVeORs,1
spotify:track:6Tsu3OsuMz4KEGKbOYd6A0,1
spotify:track:2xLMifQCjDGFmkHkpNLD9h,1
spotify:track:4jVBIpuOiMj1crqd8LoCrJ,1
spotify:track:4Oun2ylbjFKMPTiaSbbCih,1
spotify:track:5KvRFKrsapVHYNzoM7rDUw,1
spotify:track:6nzXkCBOhb2mxctNihOqbb,1
spotify:track:1ixbwbeBi5ufN4noUKmW5a,1
spotify:track:1oHClQEgDmmbcEx12Kc5nZ,1
spotify:track:3jagJCUbdqhDSPuxP8cAqF,1
spotify:track:2goLsvvODILDzeeiT4dAoR,1
spotify:track:55whbebR4olz2HHcRQa2kx,1
spotify:track:3E7ZwUMJFqpsDOJzEkBrQ7,1
spotify:track:4MWNGxbyV6HAFgpAVSYISr,1
spotify:track:4wH4dJgrsxONID6KS2tDQM,1
spotify:track:6REbwUNlppTfcnV4d4ZoZi,2
spotify:track:22nyEAEM29tcBRhukR089b,1
spotify:track:41SwdQIX8Hy2u6fuEDgvWr,1
spotify:track:6ho0GyrWZN3mhi9zVRW7xi,1
spotify:track:0GjEhVFGZW8afUYGChu3Rr,1
spotify:track:3vkQ5DAB1qQMYO4Mr9zJN6,1
spotify:track:4EcCZJiu87nY1EdGtTs1TC,1
spotify:track:2Eti9d7wbABR3WKviUuzV8,1
spotify:track:77KOV2BXCOQM2rvC52v4Gd,1
spotify:track:0ayyT5zbXqlXEQWoa0JggL,1
spotify:track:2JIVeQQvIdyQvrz9Mhi6qL,1
spotify:track:7HI44W4E02t3DefnrBCTvX,1
spotify:track:2ygMBIctKIAfbEBcT9065L,1
spotify:track:3VZQshi4COChhXaz7cLP02,1
spotify:track:73kplfoLCBHX9q6n8G0k63,1
spotify:track:0I3q5fE6wg7LIfHGngUTnV,1
spotify:track:2PQ0GyIYxsYGkcMdeZqItT,1
spotify:track:22UDw8rSfLbUsaAGTXQ4Z8,1
spotify:track:10hMM5nsZQf66ldBlgWBfG,1
spotify:track:6OufwUcCqo81guU2jAlDVP,2
spotify:track:0g4fzRkbLeCDUCoe5iUOcf,1
spotify:track:3zNNXjjjeLrzIXSJZKalDi,1
spotify:track:63BcfK6YAzJYeISaTPr6IO,1
spotify:track:2bJvI42r8EF3wxjOuDav4r,2
spotify:track:7mitXLIMCflkhZiD34uEQI,1
spotify:track:68rRbbwmXydDOqhArVTFTX,1
spotify:track:5PX4uS1LqlWEPL69phPVQQ,1
spotify:track:2s0ouHqJebHfiQ6C1GUFJd,1
spotify:track:2oENJa1T33GJ0w8dC167G4,1
spotify:track:5tXyNhNcsnn7HbcABntOSf,1
spotify:track:0iQHjEwLtwyGA9kL1H6SeN,1
spotify:track:3evTG0FJEHFYmgOeFgPo0s,1
spotify:track:1y4eb6hmAvsqlDOl3fx9kk,1
spotify:track:1DunhgeZSEgWiIYbHqXl0c,1
spotify:track:5HQVUIKwCEXpe7JIHyY734,2
spotify:track:5uEYRdEIh9Bo4fpjDd4Na9,1
spotify:track:6Uj1ctrBOjOas8xZXGqKk4,2
spotify:track:3qTiTZJJDM3gZ8TFiMMr0j,1
spotify:track:0Pu71wxadDlB8fJXfjIjeJ,1
spotify:local:::Medina-+Kun+For+Mig.flv:253,1
spotify:local:::Toto+-+Africa+%28Jesse+Bloch+Bootleg%29:287,1
spotify:local:::High+School+Musical+-+Breaking+Free+%28Jesse+Bloch+%26+Jesse+James+Bootleg%29:216,1
spotify:local:::Stromae+-+Alors+On+Danse+%28Dubdogz+Remix%29+%28Bass+Boosted%29:298,1
spotify:track:3JU7GqkbT5S51rgCbYJ20t,1
spotify:track:6ERUsU7mPnu6sUQptDACkA,1
spotify:track:1q3Iuk3nVEwRPj7mR34QYQ,3
spotify:track:3Q5uLZkQAsQT7EgHA5Hvr3,1
spotify:track:6pTg4H8juKV9iSzrcVUbM3,1
spotify:track:2V4bv1fNWfTcyRJKmej6Sj,1
spotify:track:0g1jLQKCibvkKFd7kcKKdp,1
spotify:track:2qG5sZ7Si6sdK74qLxedYM,1
spotify:track:4kdnniHBTCnzaYXrnsweSf,1
spotify:track:0UTmS76yJwuCpiKEn16uN5,1
spotify:track:52ojopYMUzeNcudsoz7O9D,1
spotify:track:3oXiddNGiWhpmlQCWkJoJ9,1
spotify:track:0Ns3nvzgfC6Yh3j5apV66n,1
spotify:track:1jgN7Uraxy2UgwAsGm5yo0,1
spotify:track:72jU1tLNiYd8EIj26Ba17Q,1
spotify:track:1OD7MOC3ekfNlRCFUaRmrS,1
spotify:track:4quGalr9t5YguUgVuXsCJt,1
spotify:track:3KfbEIOC7YIv90FIfNSZpo,1
spotify:track:2G3KCNDbn3EyT9uWYR0sok,1
spotify:track:4gkl7QbQvBd3TM9PhlWFkI,1
spotify:track:6tZ3b7ik1QDXFAZlXib0YZ,1
spotify:track:1ICPDwUPD2iRNrm7tbYJQi,1
spotify:track:3mWGkGAwcFs29v1E3RGhxU,1
spotify:track:7JXZq0JgG2zTrSOAgY8VMC,1
spotify:track:7fBv7CLKzipRk6EC6TWHOB,1
spotify:track:432hUIl3ISDeytYW5XBQ5h,1
spotify:track:30Zcjs7pgEkmJA1lEbGSWT,1
spotify:track:0K9oqDmJBgSFjXU1bUY9Fk,1
spotify:track:17baAghWcrewNOcc9dCewx,1
spotify:track:60PAzFNW3vAiAiVK6DRJfB,1
spotify:track:42GcjriRK6srwHkfbkBqVl,1
spotify:track:1UGD3lW3tDmgZfAVDh6w7r,1
spotify:track:6VwBbL8CzPiC4QV66ay7oR,1
spotify:track:1vvnYpYEMVB4aq9I6tHIEB,1
spotify:track:0sHW1jXe6Sou3437gJQNGA,1
spotify:track:5yY9lUy8nbvjM1Uyo1Uqoc,1
spotify:track:15k2nBQJ0teDmPZHrOXL2N,1
spotify:track:3oDkdAySo1VQQG0ptV7uwa,1
spotify:track:6Ius4TC0L3cN74HT7ENE6e,1
spotify:track:74tLlkN3rgVzRqQJgPfink,1
spotify:track:2WC4sK0ryyysQhtDok9Ytr,1
spotify:track:2KvHC9z14GSl4YpkNMX384,1
spotify:track:7MjSipTto9QljYzZnloXOn,1
spotify:track:69pkT3GewmjhQf6vQWcK2L,1
spotify:track:0yhMmqax6HRAZxI7udEask,1
spotify:track:0uqPG793dkDDN7sCUJJIVC,1
spotify:track:6IZvVAP7VPPnsGX6bvgkqg,1
spotify:track:1v7L65Lzy0j0vdpRjJewt1,1
spotify:track:3CRDbSIZ4r5MsZ0YwxuEkn,1
spotify:track:7lAK3oHbfEnvUQWosrMMpR,1
spotify:track:3UmaczJpikHgJFyBTAJVoz,1
spotify:track:3MLOAIJNWWS8FQpvdaiKR7,1
spotify:track:7FOJvA3PxiIU0DN3JjQ7jT,1
spotify:track:5STdMlrBf6pqWiNE7WqxSi,1
spotify:track:16qYlQ6koFxYVbiJbGHblz,1
spotify:track:1AHfovSnGPVYKaahRtA0U6,1
spotify:track:35r28RDot7nPE7y9K9H7l0,1
spotify:track:6WSBZroxQaO3FYEpT2ACFH,1
spotify:track:4J5vBoKj2w2mBXbGqNDFYV,1
spotify:track:7eqoqGkKwgOaWNNHx90uEZ,1
spotify:track:5mphdlILgAq3vh1MSvAJTS,1
spotify:track:6RBAJlxHY9Ulvw2y7yk4aX,1
spotify:track:3d9DChrdc6BOeFsbrZ3Is0,1
spotify:track:7m9OqQk4RVRkw9JJdeAw96,1
spotify:track:2LMkwUfqC6S6s6qDVlEuzV,1
spotify:track:3uzJAMnLVpYNypaGWrZbxq,1
spotify:track:7kYKjQ5tn4Ppr4XRsrclSh,1
spotify:track:7zJ4w8VlZH2UKfbGkMQ8Qv,1
spotify:track:5DvkE1tOoRalzyL3tLPNyG,1
spotify:track:6ogLRm0JLqHOFA8mSZRUqF,1
spotify:track:6seipqbQEsJi6CINInJURK,1
spotify:track:28zjQHTNt0xukNeCNvpOgr,1
spotify:track:1t5OXCcZpGguwxTFyKjeGP,1
spotify:track:2Fw5S2gaOSZzdN5dFoC2dj,1
spotify:track:1o0kWPueYo94LIjPYOE5Nf,1
spotify:track:5LnXWeA9tuWKI2C1H74iiJ,1
spotify:track:4S7YHmlWwfwArgd8LfSPud,1
spotify:track:1eQBEelI2NCy7AUTerX0KS,1
spotify:track:79MSEdtXuudhGhC5AtG07g,1
spotify:track:3iVcZ5G6tvkXZkZKlMpIUs,1
spotify:track:1mvDFqbbmgmMmU6U4dIq5m,1
spotify:track:1HNs07uZxZniPNmniw2GTa,1
spotify:track:047fCsbO4NdmwCBn8pcUXl,1
spotify:track:1ID1QFSNNxi0hiZCNcwjUC,1
spotify:track:00R0fEFZGb5hyTgF1nrRCq,1
spotify:track:6WouUO5WEg0ncfGn6dkB4I,1
spotify:track:3l6lmZCaZdnc90MI2BktqP,1
spotify:track:5Cf5TGPdkKeicSchZ4O7C9,1
spotify:track:393MDhe62s8hbH8ETrlxe5,1
spotify:track:4UaWrzY75h1tAvlxa4NKP9,1
spotify:track:7KwZNVEaqikRSBSpyhXK2j,1
spotify:track:2MuJbBWAVewREJmB8WdGJ3,1
spotify:track:1a0d2rqvR0ae6tLVa5PIjR,1
spotify:track:6hPSal3ragmfUt1I5mKZjn,1
spotify:track:2INfjWnlxg2Q1qupRK0Qhf,1
spotify:track:6e0BKtMJSKE9eA0o69EmMA,1
spotify:track:215DAsePr8LKyzyF2sScV7,1
spotify:track:6WpMqLldA71Ae52oitEbRQ,1
spotify:track:4RI9eX7jNcdaQOJifn7t6z,1
spotify:track:2RRFTLIglxHgAYQzsSLI4Y,1
spotify:track:3DK6m7It6Pw857FcQftMds,1
spotify:track:3XukKy28kqKFl52GiCUSFo,1
spotify:track:2q0VexHJirnUPnEOhr2DxK,1
spotify:track:6jy12gDerHRUSwiEhfs9C6,1
spotify:track:0rbK15g3UsDTVy1EuwgKYz,1
spotify:track:2ZltjIqztEpZtafc8w0I9t,1
spotify:track:0ZRjjL4vytdzLZlw6bL0yD,1
spotify:track:31tf1qEai5o5f4r66Kd0pU,1
spotify:track:62vpWI1CHwFy7tMIcSStl8,1
spotify:track:3239OdTeQMBphegyNvF8F3,1
spotify:track:1U3nHai9ueJCuEXbf8TvBA,1
spotify:track:1dpR3nENYUnY9g9CZTd3Is,1
spotify:track:4cG7HUWYHBV6R6tHn1gxrl,2
spotify:track:43nF52meBE9zI9W8EjMVfk,2
spotify:track:3DKCTIiJ97bS9TGiqcABjo,1
spotify:track:5nujrmhLynf4yMoMtj8AQF,2
spotify:track:5pwOxSHlMhrB3F4xsYJWe7,2
spotify:track:5TJlEqhgUK1CCAciUJGShq,2
spotify:track:3boMRV9etBbzumzaC8X53j,1
spotify:track:4iJyoBOLtHqaGxP12qzhQI,2
spotify:track:341lTIxmhybbQsgydwJiFx,2
spotify:track:1supkf9D4Obm2yTHqug3m8,1
spotify:track:51tUT1gHE30GQPhn1agudM,1
spotify:track:2wXVd9sjHWeP3M4wKWXiA7,1
spotify:track:54hA0ldJYyT1huGfSeOjdQ,1
spotify:track:59o6ojGNGJOYiVJSzC6Lsa,1
spotify:track:0GiwV6v3AgJfdu59tj719Y,1
spotify:track:5bzSQWaQq0AKxaMbuwLxwv,1
spotify:track:5nIrdpo8eXQU3YgZelEXkd,1
spotify:track:2n3CaPGPLYnYAvTEwKCX8t,1
spotify:track:0DBTrH6kBbF8CzNVcu5MQR,1
spotify:track:7azVJ6AgvPLOum1tppactO,1
spotify:track:6f3Slt0GbA2bPZlz0aIFXN,1
spotify:track:3mruwwpKfG5NYmnEr6O5Dw,1
spotify:track:5S8EMK8nyIlQkYnU1wyzIm,1
spotify:track:6joJLt0CcmBNb19WhqwVDH,1
spotify:track:2fzqpmKuYcNQS7clW1XxAS,1
spotify:track:1ohLQfIwj9NUN7e5UKeDl9,1
spotify:track:0OPyDgTRuIdCJ9B4bYSths,1
spotify:track:3cHyrEgdyYRjgJKSOiOtcS,1
spotify:track:62zFEHfAYl5kdHYOivj4BC,2
spotify:track:1hTC2wVbru5sEyK3AZuF78,1
spotify:track:3iw6V4LH7yPj1ESORX9RIN,1
spotify:track:7DrkIsNsDP1SJdDJwz2zCg,1
spotify:track:7sEjURQgyLG4SxlbMIMoDw,1
spotify:track:7ks6AZmFcm3Y6PGGxGSmlB,1
spotify:track:0vbtURX4qv1l7besfwmnD8,1
spotify:track:02itaCXOdC54J0ISjqqFAp,1
spotify:track:2v8LjF0YySR122gITsJiEA,1
spotify:track:5dBvUkplYBBBb3sJ2VORQy,1
spotify:local:::Stormzy+-+Wiley+Flow+%28Phiney+Bassline+Mix%29:237,1
spotify:track:5BNHA7hoUrmeW9kSOIDXNv,1
spotify:track:3LWDPEXEaLBRGNLbdcbwBR,1
spotify:track:75usYC3ytzfttweGDXKMdE,1
spotify:track:6ZvLKwgPKlyZtDPkTWjPI7,1
spotify:track:0M0FvSNRZmDz0Z769rewlI,1
spotify:track:0csz09qS2n8Jo7LogHKu7j,1
spotify:track:18rHGxr6QDiPieSTo7cUGL,1
spotify:track:2prnn41CblB8B4yWACDljP,1
spotify:track:16Cs9KsHzgunxaEfGrXysG,1
spotify:track:6mSzsSdu0CWIV70jEjWMhI,1
spotify:track:3M89zvwwb1jtDUDKYNsdiA,1
spotify:track:1G93i9ga7ZPEOqpiNhM1mq,1
spotify:track:2hZTeA6c94dBoiuGcBv3R0,1
spotify:track:4wubf8MoSUKShMpXIVx0pW,1
spotify:track:5NWPKgXfMhFZyPqNQ8Kt2C,1
spotify:track:5lA3pwMkBdd24StM90QrNR,1
spotify:track:3vrm4dNThrhQ0BArrLIUOV,1
spotify:track:1Lg9aMPCykp6LybqcVCXiO,1
spotify:track:2WQ09wqQBIOor7Q0VpIDBK,1
spotify:track:75NhhYjHO43mvZgYtnXgti,2
spotify:track:575NJxNUVDqwJGdzBrlLbv,2
spotify:track:3by9daBsbZr9cVRgXgNOOv,1
spotify:track:7EYWEwJyai7udNmqvRPsZM,2
spotify:track:6iW38RGqdDGOofmz2HeXLW,2
spotify:track:7AVyve7cFYTd51ha5i9kE2,2
spotify:track:5YaskwnGDZFDRipaqzbwQx,1
spotify:track:4b4c0oH7PtrPsI86drzgFs,1
spotify:track:2LEF1A8DOZ9wRYikWgVlZ8,1
spotify:track:5gFCFZnV0QTt1YfjY7dJBY,1
spotify:track:0NhcaHA0cyJyhk3g8tUsZP,1
spotify:track:6uTxQDrjjKwyugx6ggjTmA,1
spotify:track:6pytDoBX1HFvOfhOL5H5hk,2
spotify:track:0OpcI3rARLsNWgVbPdwHD9,2
spotify:track:2N3U8uTYhjX2KwGT0pf5x0,1
spotify:track:5tCSY4kKx54ly2kdJuHUpq,1
spotify:track:3DarAbFujv6eYNliUTyqtz,1
spotify:track:5ad6HGAiatmKHXMI0OSodk,1
spotify:track:2afK7FH9DWHYMqltxqf7IT,1
spotify:track:2zJ5nuyOQi4jBvToG3HHys,1
spotify:track:5ZcWZFtr0QkL6k4S50dh9Y,1
spotify:track:7AzlLxHn24DxjgQX73F9fU,1
spotify:track:4fX1PGVgbxqY6NVzZqhMuz,2
spotify:track:2WGgGmm5AYCkfuEL63yXCp,2
spotify:track:0dEIca2nhcxDUV8C5QkPYb,1
spotify:track:45zbPKZIdjYvo1Q14z6uQx,2
spotify:track:0H7viQFF4UbrZYLwH373nL,1
spotify:track:0awG4a7t5UrmZZ4PZVNav3,1
spotify:track:5I9zIwGB6f0edpjO5oX2b9,1
spotify:track:6LNoArVBBVZzUTUiAX2aKO,1
spotify:track:4lS5zzdpzIGvgXtw9tVRW9,1
spotify:track:7wBJfHzpfI3032CSD7CE2m,1
spotify:track:1BxkZE73h9BN3qwuA15TA3,1
spotify:track:5cz0T1Q8AmpY18TDLAe2ja,1
spotify:track:7ycWLEP1GsNjVvcjawXz3z,1
spotify:track:40mjsnRjCpycdUw3xhS20g,1
spotify:track:2L6eKm1OMLskrFNJSje0kv,1
spotify:track:2HgwmbWJrrzy6fhLOnLHmO,1
spotify:track:4NwYgRoIZ4ZoI343zGAe9g,1
spotify:track:62OQBLpD3TmkqbtTPqqdRt,1
spotify:track:1hF8mwEKGgIL0wdH0tGPpj,1
spotify:track:2OjHNAk9fzdpuoCv1gfQV8,1
spotify:track:4frx9f5aTwWVRpHKNn7Q8O,1
spotify:track:3XvDjiWJRRPxLdBtiQojGt,1
spotify:track:1Mze7crzF9BWo82DiAsmjj,1
spotify:track:1LOA7DBWRspEy7NAGKs2Gk,1
spotify:track:3a2XexHcShrqGhEW5R8cSf,1
spotify:track:780be5fB7823aHG06mwTat,1
spotify:track:05KOgYg8PGeJyyWBPi5ja8,1
